振り込みがしたいです,振込
振り込みたい,振込
振り込みしたい,振込
振込でお願いします,振込
振り込みに来た,振込
お振込みします,振込
振り込みたいんですけど,振込
振り込みに来たんじゃけ,振込
振り込みたいんやけど,振込
振り込みたいと思ってます,振込
振り込みます,振込
振り込みやって,振込
振り込みやで,振込
振り込みたいだっちゃ,振込
振り込みたいんよ,振込
振り込みになります,振込
振り込みに来たんちゃ,振込
振り込みたいんじゃ,振込
振り込みで,振込
振り込みたいんでな,振込
振り込みするでな,振込
振り込んどく,振込
振り込みしとく,振込
振り込みせな,振込
振り込みてえ,振込
振り込みしたか,振込
振り込みしよごたる,振込
振り込みたいて思う,振込
振り込みてゃー,振込
振り込みすたい,振込
振り込みに来だ,振込
振り込みだい,振込
振り込みんかい来た,振込
振り込みぶさん,振込
振り込みに来たわよ,振込
振り込みたいわ,振込
振り込みますわよ,振込
振り込みたいと思うわ,振込
振り込みに参った,振込
振り込みでお願いするがで,振込
振り込みで頼む,振込
振り込みに来よる,振込
振り込みに来やはった,振込
振り込みさ来た,振込
振り込みがしたいねん,振込
振り込みに来よった,振込
振り込みしたいお,振込
振り込みをしに来ました,振込
振込でお願いするがで,振込
振り込みします,振込
うちは振り込みをしたい,振込
振り込みを、私はしたい,振込
私はしたい、振り込みを,振込
振り込みをしたい、うちが,振込
僕は振り込みをしたい,振込
振り込みを、僕はしたい,振込
僕はしたい、振り込みを,振込
振り込みをしたい、僕が,振込
うちは振り込みをしに来た,振込
私は振り込みをしたいと思う,振込
私はお金を振り込みたい,振込
私だ、振り込みたい,振込
すいません、振り込みたいです,振込
振込をしたいのですが、よろしいですか,振込
申し訳ないのですが、振り込みをお願いしたいです,振込
自分は振り込みに来たのですが、手続き方法を教えてほしいです,振込
僕は100万円を振り込みに来た,振込
ネットショッピングでの代金を振り込みしたい,振込
先日、オークションで落札した壺の代金を今日中に振り込まなければならない,振込
俺の目的は、無事にお金を振り込むことだ,振込
正直、僕はATMの使い方がよく分からないんだけど、振り込みってどうしたらいいですか,振込
いつも自分は、詐欺にだまされないよう慎重に振り込みをしている,振込
すいません、振り込みの手数料計算の仕方を教えてください,振込
自分では気づいてなかったが、振り込みは窓口でもできたのか,振込
ATMの使い方に自信が無いので、窓口で振り込みをしたい,振込
振込ばしたかっちゃけど、よろしかと,振込
申し訳なかっちゃが、振り込みばお願いしたかばい,振込
自分は振り込みに来たんやが、手続き方法ば教えてほしか,振込
自分では気づいとらんかったが、振り込みは窓口でもできたんか,振込
ATMに自信が無かけん、窓口で振り込みばしたか,振込
昨日、オークションで落札した物ん代金ば今日中に振り込まなならん,振込
俺は今日、初めてATMで振り込みとやらを行う,振込
俺は先月電気代の支払いを忘れて痛い目に遭ったので、今月こそはしっかり振り込んでおく,振込
Amazonで買った本の代金を銀行で振り込む,振込
俺はいつも振り込みの時、手数料が分からなくなる,振込
実は俺、振り込みをATMでしたこと無くて、いつも窓口でやってもらってて,振込
わし機械が苦手で、ちょっと手伝ってほしいんじゃが、息子の大学に授業料を振り込みたくて,振込
わしの場合、この振込手数料は830円であってるかの,振込
いつもは婆さんに任せてるから、わしはATMに慣れて無くての、水道料金を払いたいんじゃが,振込
わしの代わりに振り込んでくれんか,振込
わしは振り込みをしに来たんじゃが、機械の使い方が分からん,振込
うちはやり方分からんから、振り込みの仕方教えてくれんか,振込
うちが前にやったのは数年前やけど、手数料とか変わってるけ,振込
ちゃんと振り込めたか確認したいんやが,振込
通販で買ったやつの代金を払いたいけど、やり方が分からん,振込
振り込みができよーか確認したかっちゃけど,振込
通販で買うたやつん代金ば払いたかばってん,振込
ATMは自信ないから窓口で振り込みしたい,振込
振り込み時の手数料の負担人ってどっちですか,振込
前来た時に振り込みを手伝ってくれて、またお願いしたいんですが,振込
大学にいる娘の口座に3万円振り込みたい,振込
毎月2万円を息子に仕送りしている,振込
受験費用を期限までに振り込まなければならない,振込
月末に決済があるから今日の内にお金を振り込んでほしい,振込
きちっと振り込んでくれないとこちらも困るんですよ,振込
振り込む期日はとっくに過ぎてるんですけど,振込
慰謝料が振り込まれてないんですけど忘れてないですよね,振込
ぶつかってきたのはそっちなんだから修理費用をしっかり振り込んでおいて,振込
孫が会社で大きなミスをしたらしくて、それの補填として2000万振り込まなければならなくなった,振込
君に会いたいがために、毎回この銀行で振り込んでいるのだよ、レディ,振込
自分でも分かってないが、この道を通るとなぜかいつも振り込みたくなる,振込
大好きなライブのチケットを怪しいサイトで購入するために代金を振り込みに来た,振込
振り込むためには、相手の銀行、口座番号が必要です,振込
母の入院費用を毎月病院に振り込んでいる,振込
半年に一度、単身赴任中の父から仕送りが振り込まれるはずだ,振込
部費を振り込んでない奴があと数人いるぞ,振込
振り込みのやり方が分からない人がいたらワイが手取り足取りレッスンしたるで,振込
別の銀行の口座に振り込みたいんですけど、その場合手数料は増えますか,振込
最近降込んだはずだが、先方には振り込まれてないと言われてしまって,振込
銀行で降込みをするときに気をつけたらいいことはありますか,振込
引き出したい,引き出し
引き出しに来た,引き出し
下ろしに来た,引き出し
下ろしたい,引き出し
引き出したいと思う,引き出し
下ろしたいと思う,引き出し
引き出しでお願いします,引き出し
引き出しでお願いするわ,引き出し
引き出しさ来た,引き出し
引き出しに来やはった,引き出し
下ろしに来やはった,引き出し
引き出しでたのんます,引き出し
引き出しに来よる,引き出し
下ろしに来よる,引き出し
引き出したばいいっち思う,引き出し
下ろしたばいいっち思う,引き出し
引き出しでお願いするけんね,引き出し
引き出しでお願いするがで,引き出し
引き出したいでござる,引き出し
引き出しに参った,引き出し
下ろしに参った,引き出し
下ろしたいでござる,引き出し
引き出してえ,引き出し
引き出したか,引き出し
下ろしてえ,引き出し
引き出してえち思う,引き出し
下ろしてえち思う,引き出し
下ろしたか,引き出し
引き出したかて思う,引き出し
下ろしたかて思う,引き出し
引き出したい思う,引き出し
下ろしたい思う,引き出し
引き出したいて思う,引き出し
下ろしたいて思う,引き出し
下ろしたいんよ,引き出し
引き出したいんよ,引き出し
引き出してえ,引き出し
下ろしてえ,引き出し
引き出しに来たわよ,引き出し
引き出したいわ,引き出し
下ろしに来たわよ,引き出し
下ろしたいわ,引き出し
引き出したいと思うわ,引き出し
下ろしたいと思うわ,引き出し
引き出しでお願いしますわよ,引き出し
引き出したいです,引き出し
下ろしたいです,引き出し
下ろすっちゃ,引き出し
引き出しじゃけ,引き出し
引き出したいんですけど,引き出し
私はお金を引き出しに来た,引き出し
私はお金を下ろしたい,引き出し
2万円下ろしたい、私は,引き出し
引き下ろしに来た、私は,引き出し
引き下ろしがしたくて私は銀行に来た,引き出し
僕はお金を引き出しに来た,引き出し
僕が来たのはお金を下ろすためだ,引き出し
お金を下ろしたい、僕は,引き出し
引き下ろしに来た、僕は,引き出し
引き下ろしがしたくて僕はATMを探した,引き出し
自分はお金を引き出しに来た,引き出し
自分の目的はお金を引き出すことだ,引き出し
お金を下ろしたいと思う、自分は,引き出し
引き下ろしに来た、自分は,引き出し
引き下ろしがしたくて自分はやってきた,引き出し
俺はお金を引き出しに来た,引き出し
俺は現金を引き出しに来た,引き出し
お金を下ろしたい、俺は,引き出し
引き下ろしたい、俺は,引き出し
俺は買い物のためにお金を下ろしに来た,引き出し
うちはお金ば引き出したか,引き出し
うちは現金ば引き出そうて思うとー,引き出し
現金を下ろしに来た、うちは,引き出し
引き下ろしたい、うちは,引き出し
うちが銀行に来たのは、引き下ろしをするためだ,引き出し
わしは5万円引き出したか,引き出し
わしは現金ば引き出しに来た,引き出し
現金を下ろしたい、わしは,引き出し
お金を下ろしに来た、わしが,引き出し
わしは年金が入ったから孫のために引き下ろしておこう,引き出し
福沢諭吉に会いたい,引き出し
深夜の引き下ろしには手数料がかかってしまう,引き出し
口座からいくらかお金を出したい,引き出し
ATMに慣れてないから、窓口でお金を出してもらう,引き出し
引き下ろしがしとうて銀行に来た,引き出し
野口英世に会いたか,引き出し
ATMに慣れとらんけん、窓口でお金ば出してもらう,引き出し
樋口一葉を3人引き出す,引き出し
最近出費が激しくて、多めに下ろしておこう,引き出し
預金を崩したいのだけどATMの使い方が分からん,引き出し
一度に引き下ろせる金額はいくらですか,引き出し
コンビニより銀行のATMで直接お金を下ろす方が手数料がかからん,引き出し
ATMで現金を引き出したいが何時まで開いてるか,引き出し
最近出費が激しゅうて、多めに下ろしとこう,引き出し
お金ば引き出したかが何時まで開いとーか,引き出し
口座から引き出したいんだが、うまくいかない,引き出し
娘が事故を起こしたらしく、すぐに現金が必要で,引き出し
次は絶対勝てるから1万だけ下ろしたい,引き出し
通帳でのお金の下ろし方が分からない,引き出し
詐欺には気をつけているが、今すぐ大金が要ると言われたので下ろす,引き出し
急遽、口座を変える必要が出来たので全額引き出したい,引き出し
息子が通帳を勝手に持ち出し、お金を下ろしていた,引き出し
父はいつでもお金を下ろせるように、常に通帳と印鑑を持ち歩いている,引き出し
お金を引き出すときに気をつけることはありますか,引き出し
お金を下ろすには、通帳と印鑑もしくはカードが必要である,引き出し
先月は、お金を引き出しすぎたので今月は押さえるつもりだ,引き出し
こまめに引き出すより、まとめてドカンと下ろす方がスマートだと思う,引き出し
今すぐ500万が必要になった,引き出し
お札を下ろしたときにピン札が混ざっていた、今日はいいことあるかも,引き出し
二千円札を手に入れるためには、窓口で下ろさなければならない,引き出し
母が隠れてへそくり用の口座からお金を下ろしているのを見た,引き出し
お金を引き出す際に、暗証番号をど忘れしてしまった,引き出し
お金を引き下ろす時は、お気に入りの銀行窓口嬢にいつも頼んでいる,引き出し
お金を下ろしたかったら、我が輩を倒してから行け,引き出し
引き出したお金を忘れず財布に入れる,引き出し
コミケのために大金を引き出しておかなければ,引き出し
友達に自慢するために100万円を引き出す,引き出し
一度に下ろせる金額は決まっているはずだ,引き出し
ボーナスが入ったから、後輩におごるためにいくらか下ろしておこう,引き出し
引き出した金額が大きすぎて、銀行側でボディガードをつけてもらった,引き出し
預けたい,預金
預けてえ,預金
預けてえち思う,預金
預金してえ,預金
預金してえち思う,預金
預金してえんやけど,預金
預けたか,預金
預けたかばい,預金
預けたかて思う,預金
預金したか,預金
預金ばしに来た,預金
預金したかて思う,預金
預けたいち思う,預金
預金したいんじゃけ,預金
預けてー思う,預金
預金してえ思う,預金
預けてえ思う,預金
預けたい思う,預金
預金したい思う,預金
預金したいんじゃけど,預金
預けとおす,預金
預けたいや,預金
預げに来だ,預金
預金に来だ,預金
預金さ来た,預金
預金すたい,預金
預金ばしに来た,預金
預けんかい来た,預金
預金すたい,預金
預けたいわよ,預金
預けたいよ,預金
預けたいと思うわ,預金
預けに来たわよ,預金
預金したいわ,預金
預金に来たわよ,預金
預金をしに来たわよ,預金
預金したいわ,預金
預金したいと思うわ,預金
預けに来たお,預金
預けたいっちゃ,預金
預けたいです,預金
預けたいと思う,預金
預けに来た,預金
預金したい,預金
預金に来た,預金
預金をしに来た,預金
預金したい,預金
預金したいと思ってる,預金
預金したいんですけど,預金
預金でお願いします,預金
私は預金しに来た,預金
わたしはお金を預けたい,預金
預金したい、私は,預金
預けに来た、私は,預金
今日の私の目標は、忘れず預金しにいくこと,預金
僕は預金しに来た,預金
すいません、ぼくはお金を預けたいんですけど,預金
預金しに来た、ぼくは,預金
預けに来た、僕が,預金
僕はお年玉を貯金しに来た,預金
俺は預金したい,預金
おれはお金を預けに来た,預金
預金したい、俺は,預金
現金を預けに来た、俺が,預金
俺は貯まってきたお金を預金するために来ました,預金
うち、お金預けたい,預金
うちは貯金したいんやけど,預金
預金したい、うちは,預金
お金預けに来たよ、うちは,預金
うち、毎月3万円ずつ貯金してるんよ,預金
自分は預金しに参った,預金
自分はお金を預けに参った,預金
預金したいと思っている、自分は,預金
いくらかお金を預けたくてやってきた、自分が,預金
自分でお金を預けるなんていつぶりだろうか,預金
わしは貯金したい,預金
すまんが、わしはお金を預けたい,預金
預金したいのだが、わしは,預金
わざわざお金を預けに来たぞ、わしが,預金
わしの最近の楽しみはちょくちょくお金を預けて、口座の残高が増えてゆくことじゃ,預金
一度に預けられる金額を知りたい,預金
福沢諭吉を5人預ける,預金
預金したいけど、銀行は何時まで開いてる,預金
ATMでお金を預けたいのだが、通帳は使えるか,預金
一回で入れらる金額ば知りたか,預金
野口英世ば10人預くる,預金
預金したかばってん、銀行は何時まで開いとー,預金
ATMでお金ば預けたかと,預金
預金しに行きたいけど、銀行ちゃ何時まで開いとるけ,預金
口座に樋口一葉を3人入れる,預金
バイトで入ったお金をこまめに口座に入れたい,預金
拾ったお金100万円をさりげなく口座に預ける,預金
預金の時に手数料はかかりますか,預金
ATMの使い方に自信が無いので、窓口で預金をしたい,預金
口座に入金する,預金
預けるん時に手数料はかかると,預金
ATMん使い方に自信が無かけん、窓口で預金ばしたか,預金
預金したいんやけど、手数料はかかっけ,預金
60万円をすべて千円札で預けに来た,預金
すいません、預金の仕方が分からないんですけど,預金
老後のために今からお金を貯めておこう,預金
母は、こっそりとへそくり用口座にお金を貯めている,預金
男の甲斐性は、預金額で決まると言っても過言では無い,預金
娘はまじめな性格的にこつこつ貯金しているだろう,預金
なにかあったときのためにお金を貯めておきたい,預金
浪費癖のある息子に無理矢理貯金させる,預金
父は、将来の子供達のためにこまめに預金している,預金
預金しに来たが、いくら預けようか,預金
小銭もまとめて預けられますか,預金
お金を預けるときに、なにに気をつけるべきですか,預金
預金するために三千里の道のりを歩いてきた,預金
将来のためにちょっとずつでもお金を貯めてゆこう,預金
起業するために先月からお金を貯めているのだよ,預金
月末は預金すると決めていてね,預金
お金を預けたいのは山々だが、すぐ必要になるかもしれないから、とりあえず10万だけ預けておこう,預金
新しい口座を作ったし、せっかくだから20万入れておこう,預金
口座の作り方から預金の仕方まで教えてほしい,預金
さっさとお金いれて帰りたい,預金
最近、税率が上がったり何かと不安だから、貯金だけはしておきたいんですよ,預金
お金は裏切らないからたくさん持っておくにこしたことはない,預金
ラーメンが好きだ,その他
必ず幸せにする。結婚してほしい,その他
トイレに行きたいのですがどこにありますか,その他
そろそろ12時だしどこか昼飯食べに行くか,その他
推しの子が引退してしまって落ち込んでいる,その他
引っ越し業者さんに差し入れしとこう,その他
今年の研究の成果は学会を驚かせるだろう,その他
自分一人では決して敵うことは出来なかった。皆のおかげだ,その他
私は正直、君の正体が宇宙人であると思っている,その他
僕はまだ3歳なのであなたが何を言っているか分からない,その他
俺が悪かったのは明らかだ,その他
おまえはまだ群馬を知らない,その他
教師と生徒の禁断の恋を目撃する,その他
運転中にカーナビに視線を向けたら犯罪です,その他
それがしの願いはただ一つ、復讐を成し遂げることで候,その他
さっきからうちのことチラチラ見てたよね、ナンパか,その他
わしは子供の頃から女性というものに興味があった,その他
昨日学校に忘れ物をした,その他
きっと悪魔は人の心にいるのだろう,その他
出席番号は18番です,その他
引き継ぎは年明け前には終わらせる,その他
住所は高岡である,その他
腹が減っては戦は出来ぬ,その他
コンタクトレンズは己との戦いだ,その他
夏休みデビューをした少年,その他
推しは推せるときに推せ,その他
君は蒼い蝶を見たことはあるかい,その他
自由研究を忘れるのはテッパン,その他
封印されし左手の小指が疼く、血を欲しているのか,その他
健康になるには睡眠、食事、ストレス発散が必要,その他
絵を描くのは好きだが、うまいとは言ってない,その他
その選択が間違っていないことを祈ってるよ,その他
教科書の使い道は、枕と高さ調節の台のみである,その他
前向きにネガティブだが、それでいい,その他
給食は皆で食べるからおいしいのかもしれない,その他
野球しようぜ,その他
汗臭くとも、友達だ,その他
人生について考える時がいずれ訪れるだろう,その他
正直、私はあなたが嫌いです,その他
ど田舎で開催する演奏会ほどむなしいものは無い,その他
